Tango	CCDB	Channel
BO01/VC/CCG-01	BO-VC-CCG-B01-01	
BO01/VC/CCG-02	BO-VC-CCG-B01-02	
BO01/VC/CCG-03	BO-VC-CCG-B01-03	
BO01/VC/IP-01	BO-VC-IP20-B01-01	
BO01/VC/IP-02	BO-VC-IP20-B01-02	
BO01/VC/IP-03	BO-VC-IP20-B01-03	
BO01/VC/IP-04	BO-VC-IP20-B01-04	
BO01/VC/IP-05	BO-VC-IP20-B01-05	
BO01/VC/IP-06	BO-VC-IP20-B01-06	
BO01/VC/IP-07	BO-VC-IP20-B01-07	
BO01/VC/IP-08	BO-VC-IP20-B01-08	
BO01/VC/IP-09	BO-VC-IP20-B01-09	
BO01/VC/IP-10	BO-VC-IP20-B01-10	
BO01/VC/IP-11	BO-VC-IP20-B01-11	
BO01/VC/IP-12	BO-VC-IP20-B01-12	
BO01/VC/IP-13	BO-VC-IP20-B01-13	
BO01/VC/IP-14	BO-VC-IP20-B01-14	
BO01/VC/IP-15	BO-VC-IP20-B01-15	
BO01/VC/IP-16	BO-VC-IP20-B01-16	
BO01/VC/IP-17	BO-VC-IP20-B01-17	
BO01/VC/IP-18	BO-VC-IP20-B01-18	
BO01/VC/IP-19	BO-VC-IP20-B01-19	
BO01/VC/IP-20	BO-VC-IP20-B01-20	
BO01/VC/IP-21	BO-VC-IP20-B01-21	
BO01/VC/IP-22	BO-VC-IP20-B01-22	
BO01/VC/IP-23	BO-VC-IP20-B01-23	
BO01/VC/IP-24	BO-VC-IP20-B01-24	
BO01/VC/IP-25	BO-VC-IP20-B01-25	
BO01/VC/IP-26	BO-VC-IP20-B01-26	
BO01/VC/IP-27	BO-VC-IP20-B01-27	
BO01/VC/IP-28	BO-VC-IP20-B01-28	
BO01/VC/IP-29	BO-VC-IP20-B01-29	
BO01/VC/IP-30	BO-VC-IP20-B01-30	
BO01/VC/IP-31	BO-VC-IP20-B01-31	
BO01/VC/IP-32	BO-VC-IP75-B01-32	
BO01/VC/IPCT-01	BO-VC-IPCT-RKA02B10-01	
BO01/VC/IPCT-02	BO-VC-IPCT-RKA02B10-02	
BO01/VC/IPCT-03	BO-VC-IPCT-RKA05A10-01	
BO01/VC/IPCT-04	BO-VC-IPCT-RKA05A10-02	
BO01/VC/PIR-01	BO-VC-PIR-B01-01	
BO01/VC/PIR-02	BO-VC-PIR-B01-02	
BO01/VC/SPBX-01	BO-VC-SPBX-RKA02B10-01	
BO01/VC/SPBX-02	BO-VC-SPBX-RKA02B10-02	
BO01/VC/SPBX-03	BO-VC-SPBX-RKA05A10-01	
BO01/VC/SPBX-04	BO-VC-SPBX-RKA05A10-02	
BO01/VC/VGCT-01	BO-VC-VGCT-RKA02B10-01	
BO01/VC/VGCT-02	BO-VC-VGCT-RKA05A10-01	
BO02/VC/CCG-01	BO-VC-CCG-B02-01	
BO02/VC/CCG-02	BO-VC-CCG-B02-02	
BO02/VC/IP-01	BO-VC-IP20-B02-01	
BO02/VC/IP-02	BO-VC-IP20-B02-02	
BO02/VC/IP-03	BO-VC-IP20-B02-03	
BO02/VC/IP-04	BO-VC-IP20-B02-04	
BO02/VC/IP-05	BO-VC-IP20-B02-05	
BO02/VC/IP-06	BO-VC-IP20-B02-06	
BO02/VC/IP-07	BO-VC-IP20-B02-07	
BO02/VC/IP-08	BO-VC-IP20-B02-08	
BO02/VC/IP-09	BO-VC-IP20-B02-09	
BO02/VC/IP-10	BO-VC-IP20-B02-10	
BO02/VC/IP-11	BO-VC-IP20-B02-11	
BO02/VC/IP-12	BO-VC-IP20-B02-12	
BO02/VC/IP-13	BO-VC-IP20-B02-13	
BO02/VC/IP-14	BO-VC-IP20-B02-14	
BO02/VC/IP-15	BO-VC-IP20-B02-15	
BO02/VC/IP-16	BO-VC-IP20-B02-16	
BO02/VC/IP-17	BO-VC-IP20-B02-17	
BO02/VC/IP-18	BO-VC-IP20-B02-18	
BO02/VC/IP-19	BO-VC-IP20-B02-19	
BO02/VC/IP-20	BO-VC-IP20-B02-20	
BO02/VC/IP-21	BO-VC-IP20-B02-21	
BO02/VC/IP-22	BO-VC-IP20-B02-22	
BO02/VC/IP-23	BO-VC-IP20-B02-23	
BO02/VC/IP-24	BO-VC-IP20-B02-24	
BO02/VC/IP-25	BO-VC-IP20-B02-25	
BO02/VC/IP-26	BO-VC-IP20-B02-26	
BO02/VC/IP-27	BO-VC-IP20-B02-27	
BO02/VC/IP-28	BO-VC-IP20-B02-28	
BO02/VC/IP-29	BO-VC-IP20-B02-29	
BO02/VC/IP-30	BO-VC-IP20-B02-30	
BO02/VC/IP-31	BO-VC-IP20-B02-31	
BO02/VC/IPCT-01	BO-VC-IPCT-RKA06D09-01	
BO02/VC/IPCT-02	BO-VC-IPCT-RKA06D09-02	
BO02/VC/IPCT-03	BO-VC-IPCT-RKA07B04-01	
BO02/VC/IPCT-04	BO-VC-IPCT-RKA07B04-02	
BO02/VC/PIR-01	BO-VC-PIR-B02-01	
BO02/VC/SPBX-01	BO-VC-SPBX-RKA06D09-01	
BO02/VC/SPBX-02	BO-VC-SPBX-RKA06D09-02	
BO02/VC/SPBX-03	BO-VC-SPBX-RKA07B04-01	
BO02/VC/SPBX-04	BO-VC-SPBX-RKA07B04-02	
BO02/VC/VGCT-01	BO-VC-VGCT-RKA06D09-01	
BO03/VC/CCG-01	BO-VC-CCG-B03-01	
BO03/VC/CCG-02	BO-VC-CCG-B03-02	
BO03/VC/IP-01	BO-VC-IP20-B03-01	
BO03/VC/IP-02	BO-VC-IP20-B03-02	
BO03/VC/IP-03	BO-VC-IP20-B03-03	
BO03/VC/IP-04	BO-VC-IP20-B03-04	
BO03/VC/IP-05	BO-VC-IP20-B03-05	
BO03/VC/IP-06	BO-VC-IP20-B03-06	
BO03/VC/IP-07	BO-VC-IP20-B03-07	
BO03/VC/IP-08	BO-VC-IP20-B03-08	
BO03/VC/IP-09	BO-VC-IP20-B03-09	
BO03/VC/IP-10	BO-VC-IP20-B03-10	
BO03/VC/IP-11	BO-VC-IP20-B03-11	
BO03/VC/IP-12	BO-VC-IP20-B03-12	
BO03/VC/IP-13	BO-VC-IP20-B03-13	
BO03/VC/IP-14	BO-VC-IP20-B03-14	
BO03/VC/IP-15	BO-VC-IP20-B03-15	
BO03/VC/IP-16	BO-VC-IP20-B03-16	
BO03/VC/IP-17	BO-VC-IP20-B03-17	
BO03/VC/IP-18	BO-VC-IP20-B03-18	
BO03/VC/IP-19	BO-VC-IP20-B03-19	
BO03/VC/IP-20	BO-VC-IP20-B03-20	
BO03/VC/IP-21	BO-VC-IP20-B03-21	
BO03/VC/IP-22	BO-VC-IP20-B03-22	
BO03/VC/IP-23	BO-VC-IP20-B03-23	
BO03/VC/IP-24	BO-VC-IP20-B03-24	
BO03/VC/IP-25	BO-VC-IP20-B03-25	
BO03/VC/IP-26	BO-VC-IP20-B03-26	
BO03/VC/IP-27	BO-VC-IP20-B03-27	
BO03/VC/IP-28	BO-VC-IP20-B03-28	
BO03/VC/IP-29	BO-VC-IP20-B03-29	
BO03/VC/IP-30	BO-VC-IP20-B03-30	
BO03/VC/IP-31	BO-VC-IP20-B03-31	
BO03/VC/IPCT-01	BO-VC-IPCT-RKA10C09-01	
BO03/VC/IPCT-02	BO-VC-IPCT-RKA10C09-02	
BO03/VC/IPCT-03	BO-VC-IPCT-RKA12B02-01	
BO03/VC/IPCT-04	BO-VC-IPCT-RKA12B02-02	
BO03/VC/PIR-01	BO-VC-PIR-B03-01	
BO03/VC/SPBX-01	BO-VC-SPBX-RKA10C09-01	
BO03/VC/SPBX-02	BO-VC-SPBX-RKA10C09-02	
BO03/VC/SPBX-03	BO-VC-SPBX-RKA12B02-01	
BO03/VC/SPBX-04	BO-VC-SPBX-RKA12B02-02	
BO03/VC/VGCT-01	BO-VC-VGCT-RKA10C09-01	
BO04/VC/CCG-01	BO-VC-CCG-B04-01	
BO04/VC/CCG-02	BO-VC-CCG-B04-02	
BO04/VC/CCG-03	BO-VC-CCG-B04-03	
BO04/VC/CCG-04	BO-VC-CCG-B04-04	
BO04/VC/CCG-05	BO-VC-CCG-B04-05	
BO04/VC/CCG-06	BO-VC-CCG-B04-06	
BO04/VC/IP-01	BO-VC-IP20-B04-01	
BO04/VC/IP-02	BO-VC-IP20-B04-02	
BO04/VC/IP-03	BO-VC-IP20-B04-03	
BO04/VC/IP-04	BO-VC-IP20-B04-04	
BO04/VC/IP-05	BO-VC-IP20-B04-05	
BO04/VC/IP-06	BO-VC-IP20-B04-06	
BO04/VC/IP-07	BO-VC-IP20-B04-07	
BO04/VC/IP-08	BO-VC-IP20-B04-08	
BO04/VC/IP-09	BO-VC-IP20-B04-09	
BO04/VC/IP-10	BO-VC-IP20-B04-10	
BO04/VC/IP-11	BO-VC-IP20-B04-11	
BO04/VC/IP-12	BO-VC-IP20-B04-12	
BO04/VC/IP-13	BO-VC-IP20-B04-13	
BO04/VC/IP-14	BO-VC-IP20-B04-14	
BO04/VC/IP-15	BO-VC-IP20-B04-15	
BO04/VC/IP-16	BO-VC-IP20-B04-16	
BO04/VC/IP-17	BO-VC-IP20-B04-17	
BO04/VC/IP-18	BO-VC-IP20-B04-18	
BO04/VC/IP-19	BO-VC-IP20-B04-19	
BO04/VC/IP-20	BO-VC-IP20-B04-20	
BO04/VC/IP-21	BO-VC-IP75-B04-20	
BO04/VC/IP-22	BO-VC-IP20-B04-21	
BO04/VC/IP-23	BO-VC-IP20-B04-22	
BO04/VC/IP-24	BO-VC-IP20-B04-23	
BO04/VC/IP-25	BO-VC-IP20-B04-24	
BO04/VC/IP-26	BO-VC-IP20-B04-25	
BO04/VC/IP-27	BO-VC-IP20-B04-26	
BO04/VC/IP-28	BO-VC-IP20-B04-27	
BO04/VC/IP-29	BO-VC-IP20-B04-28	
BO04/VC/IP-30	BO-VC-IP20-B04-29	
BO04/VC/IP-31	BO-VC-IP20-B04-30	
BO04/VC/IP-32	BO-VC-IP20-B04-31	
BO04/VC/IP-33	BO-VC-IP300-B04-32	
BO04/VC/IP-34	BO-VC-IP300-B04-33	
BO04/VC/IPCT-01	BO-VC-IPCT-RKA14D11-01	
BO04/VC/IPCT-02	BO-VC-IPCT-RKA14D11-02	
BO04/VC/IPCT-03	BO-VC-IPCT-RKA15C12-01	
BO04/VC/IPCT-04	BO-VC-IPCT-RKA15C12-02	
BO04/VC/IPCT-05	BO-VC-IPCT-RKA15C12-03	
BO04/VC/PIR-01	BO-VC-PIR-B04-01	
BO04/VC/PIR-02	BO-VC-PIR-B04-02	
BO04/VC/PIR-03	BO-VC-PIR-B04-03	
BO04/VC/PIR-04	BO-VC-PIR-B04-04	
BO04/VC/PIR-05	BO-VC-PIR-B04-05	
BO04/VC/SPBX-01	BO-VC-SPBX-RKA14D11-01	
BO04/VC/SPBX-02	BO-VC-SPBX-RKA14D11-02	
BO04/VC/SPBX-03	BO-VC-SPBX-RKA15C12-01	
BO04/VC/SPBX-04	BO-VC-SPBX-RKA15C12-02	
BO04/VC/VGCT-01	BO-VC-VGCT-RKA14D11-01	
BO04/VC/VGCT-02	BO-VC-VGCT-RKA15C12-01	
BO04/VC/VGCT-03	BO-VC-VGCT-RKA15C12-02	
BO04/VC/VGCT-04	BO-VC-VGCT-RKA16A03-01	
BT/VC/IPCT-01	BT-VC-IPCT-RKA15B10-01	
BT/VC/SPBX-01	BT-VC-SPBX-RKA15B10-01	
BT/VC/VGCT-01	BT-VC-VGCT-RKA15B10-01	
BT01/VC/CCG-01	BT-VC-CCG-D01-01	
BT01/VC/IP-01	BT-VC-IP20-D01-01	
BT01/VC/IP-02	BT-VC-IP20-D01-02	
BT01/VC/IP-03	BT-VC-IP20-D01-03	
BT01/VC/IP-04	BT-VC-IP20-D01-04	
BT01/VC/IP-05	BT-VC-IP20-D01-05	
BT01/VC/IP-06	BT-VC-IP20-D01-06	
BT01/VC/IP-07	BT-VC-IP20-D01-07	
BT01/VC/IP-08	BT-VC-IP75-D01-08	
BT01/VC/PIR-01	BT-VC-PIR-D01-01	
LT/VC/IPCT-01	LT-VC-IPCT-RKA04A05-01	
LT/VC/SPBX-01	LT-VC-SPBX-RKA04A05-01	
LT/VC/SPBX-02	LT-VC-SPBX-RKA04A05-02	
LT/VC/VGCT-01	LT-VC-VGCT-RKA04A05-01	
LT/VC/VGCT-02	LT-VC-VGCT-RKA04A05-02	
LT01/VC/CCG-01	LT-VC-CCG-T01-01	
LT01/VC/CCG-02	LT-VC-CCG-T01-02	
LT01/VC/CCG-03	LT-VC-CCG-T01-03	
LT01/VC/IP-01	LT-VC-IP75-T01-01	
LT01/VC/IP-02	LT-VC-IP20-T01-02	
LT01/VC/IP-03	LT-VC-IP20-T01-03	
LT01/VC/IP-04	LT-VC-IP20-T01-04	
LT01/VC/IP-05	LT-VC-IP150-T01-05	
LT01/VC/IP-06	LT-VC-IP20-T01-06	
LT01/VC/IP-07	LT-VC-IP20-T01-07	
LT01/VC/IP-08	LT-VC-IP20-T01-08	
LT01/VC/IP-09	LT-VC-IP20-T01-09	
LT01/VC/IP-10	LT-VC-IP20-T01-10	
LT01/VC/PIR-01	LT-VC-PIR-T01-01	
LT01/VC/PIR-02	LT-VC-PIR-T01-02	
LT02/VC/CCG-01	LT-VC-CCG-T02-01	
LT02/VC/IP-01	LT-VC-IP20-T02-01	
LT02/VC/IP-02	LT-VC-IP20-T02-02	
LT02/VC/PIR-01	LT-VC-PIR-T02-01	
SR01/VC/CCG-01	SR-VC-CCG-S01-01	
SR01/VC/CCG-02	SR-VC-CCG-S01-02	
SR01/VC/CCG-03	SR-VC-CCG-S01-03	
SR01/VC/IP-01	SR-VC-IP150-S01-01	
SR01/VC/IP-02	SR-VC-IP150-S01-02	
SR01/VC/IP-03	SR-VC-IP300-S01-03	
SR01/VC/IP-04	SR-VC-IP500-S01-04	
SR01/VC/IP-05	SR-VC-IP300-S01-05	
SR01/VC/IP-06	SR-VC-IP150-S01-06	
SR01/VC/IP-07	SR-VC-IP300-S01-07	
SR01/VC/IP-08	SR-VC-IP500-S01-08	
SR01/VC/IP-09	SR-VC-IP300-S01-09	
SR01/VC/IP-10	SR-VC-IP150-S01-10	
SR01/VC/IP-11	SR-VC-IP150-S01-11	
SR01/VC/IP-12	SR-VC-IP150-S01-12	
SR01/VC/IPCT-01	SR-VC-IPCT-RKA01A08-01	
SR01/VC/IPCT-02	SR-VC-IPCT-RKA01A08-02	
SR01/VC/IPCT-03	SR-VC-IPCT-RKA02A01-01	
SR01/VC/PIR-01	SR-VC-PIR-S01-01	
SR01/VC/PIR-02	SR-VC-PIR-S01-02	
SR01/VC/SERIAL-01	SR-CT-PAPA-RKA01A09-01	P1
SR01/VC/SERIAL-02	SR-CT-PAPA-RKA01A09-01	P2
SR01/VC/SERIAL-03	SR-CT-PAPA-RKA01A09-01	P3
SR01/VC/SERIAL-10	SR-CT-PAPA-RKA01A09-01	P10
SR01/VC/SERIAL-11	SR-CT-PAPA-RKA01A09-01	P11
SR01/VC/SERIAL-12	SR-CT-PAPA-RKA01A09-01	P12
SR01/VC/SPBX-01	SR-VC-SPBX-RKA01A08-01	
SR01/VC/SPBX-02	SR-VC-SPBX-RKA01A08-02	
SR01/VC/SPBX-03	SR-VC-SPBX-RKA02A01-01	
SR01/VC/VGCT-01	SR-VC-VGCT-RKA01A08-01	
SR01/VC/VGCT-02	SR-VC-VGCT-RKA02A01-01	
SR02/VC/CCG-01	SR-VC-CCG-S02-01	
SR02/VC/CCG-02	SR-VC-CCG-S02-02	
SR02/VC/CCG-03	SR-VC-CCG-S02-03	
SR02/VC/CCG-04	SR-VC-CCG-S02-04	
SR02/VC/IP-01	SR-VC-IP150-S02-01	
SR02/VC/IP-02	SR-VC-IP150-S02-02	
SR02/VC/IP-03	SR-VC-IP300-S02-03	
SR02/VC/IP-04	SR-VC-IP500-S02-04	
SR02/VC/IP-05	SR-VC-IP300-S02-05	
SR02/VC/IP-06	SR-VC-IP150-S02-06	
SR02/VC/IP-07	SR-VC-IP150-S02-07	
SR02/VC/IP-08	SR-VC-IP150-S02-08	
SR02/VC/IP-09	SR-VC-IP150-S02-09	
SR02/VC/IP-10	SR-VC-IP300-S02-10	
SR02/VC/IP-11	SR-VC-IP500-S02-11	
SR02/VC/IP-12	SR-VC-IP300-S02-12	
SR02/VC/IP-13	SR-VC-IP150-S02-13	
SR02/VC/IP-14	SR-VC-IP150-S02-14	
SR02/VC/IP-15	SR-VC-IP150-S02-15	
SR02/VC/IPCT-01	SR-VC-IPCT-RKA02A02-01	
SR02/VC/IPCT-02	SR-VC-IPCT-RKA02B08-01	
SR02/VC/IPCT-03	SR-VC-IPCT-RKA02B08-02	
SR02/VC/PIR-01	SR-VC-PIR-S02-01	
SR02/VC/PIR-02	SR-VC-PIR-S02-02	
SR02/VC/PIR-03	SR-VC-PIR-S02-03	
SR02/VC/PIR-04	SR-VC-PIR-S02-04	
SR02/VC/SERIAL-01	SR-CT-PAPA-RKA02A01-01	P1
SR02/VC/SERIAL-02	SR-CT-PAPA-RKA02A01-01	P2
SR02/VC/SERIAL-03	SR-CT-PAPA-RKA02A01-01	P3
SR02/VC/SERIAL-04	SR-CT-PAPA-RKA02A01-01	P4
SR02/VC/SERIAL-05	SR-CT-PAPA-RKA02A01-01	P5
SR02/VC/SERIAL-06	SR-CT-PAPA-RKA02A01-01	P6
SR02/VC/SERIAL-10	SR-CT-PAPA-RKA02A01-01	P10
SR02/VC/SERIAL-11	SR-CT-PAPA-RKA02A01-01	P11
SR02/VC/SERIAL-12	SR-CT-PAPA-RKA02A01-01	P12
SR02/VC/SERIAL-13	SR-CT-PAPA-RKA02A01-01	P13
SR02/VC/SERIAL-14	SR-CT-PAPA-RKA02A01-01	P14
SR02/VC/SPBX-01	SR-VC-SPBX-RKA02A02-01	
SR02/VC/SPBX-02	SR-VC-SPBX-RKA02B08-01	
SR02/VC/SPBX-03	SR-VC-SPBX-RKA02B08-02	
SR02/VC/VGCT-01	SR-VC-VGCT-RKA02A02-01	
SR02/VC/VGCT-02	SR-VC-VGCT-RKA02B08-01	
SR02/VC/VGCT-03	SR-VC-VGCT-RKA02B08-02	
SR03/VC/CCG-01	SR-VC-CCG-S03-01	
SR03/VC/CCG-02	SR-VC-CCG-S03-02	
SR03/VC/CCG-03	SR-VC-CCG-S03-03	
SR03/VC/CCG-04	SR-VC-CCG-S03-04	
SR03/VC/IP-01	SR-VC-IP150-S03-01	
SR03/VC/IP-02	SR-VC-IP150-S03-02	
SR03/VC/IP-03	SR-VC-IP300-S03-03	
SR03/VC/IP-04	SR-VC-IP500-S03-04	
SR03/VC/IP-05	SR-VC-IP300-S03-05	
SR03/VC/IP-06	SR-VC-IP150-S03-06	
SR03/VC/IP-07	SR-VC-IP150-S03-07	
SR03/VC/IP-08	SR-VC-IP150-S03-08	
SR03/VC/IP-09	SR-VC-IP150-S03-09	
SR03/VC/IP-10	SR-VC-IP300-S03-10	
SR03/VC/IP-11	SR-VC-IP500-S03-11	
SR03/VC/IP-12	SR-VC-IP300-S03-12	
SR03/VC/IP-13	SR-VC-IP150-S03-13	
SR03/VC/IP-14	SR-VC-IP150-S03-14	
SR03/VC/IP-15	SR-VC-IP150-S03-15	
SR03/VC/IPCT-01	SR-VC-IPCT-RKA02D08-01	
SR03/VC/IPCT-02	SR-VC-IPCT-RKA02D08-02	
SR03/VC/IPCT-03	SR-VC-IPCT-RKA04D05-01	
SR03/VC/PIR-01	SR-VC-PIR-S03-01	
SR03/VC/PIR-02	SR-VC-PIR-S03-02	
SR03/VC/PIR-03	SR-VC-PIR-S03-03	
SR03/VC/PIR-04	SR-VC-PIR-S03-04	
SR03/VC/SERIAL-01	SR-CT-PAPA-RKA02D08-01	P1
SR03/VC/SERIAL-02	SR-CT-PAPA-RKA02D08-01	P2
SR03/VC/SERIAL-10	SR-CT-PAPA-RKA02D08-01	P10
SR03/VC/SERIAL-11	SR-CT-PAPA-RKA02D08-01	P11
SR03/VC/SPBX-01	SR-VC-SPBX-RKA02D08-01	
SR03/VC/SPBX-02	SR-VC-SPBX-RKA02D08-02	
SR03/VC/SPBX-03	SR-VC-SPBX-RKA04D05-01	
SR03/VC/VGCT-01	SR-VC-VGCT-RKA02D08-01	
SR03/VC/VGCT-02	SR-VC-VGCT-RKA02D08-02	
SR03/VC/VGCT-03	SR-VC-VGCT-RKA04D05-01	
SR04/VC/CCG-01	SR-VC-CCG-S04-01	
SR04/VC/CCG-02	SR-VC-CCG-S04-02	
SR04/VC/CCG-03	SR-VC-CCG-S04-03	
SR04/VC/CCG-04	SR-VC-CCG-S04-04	
SR04/VC/IP-01	SR-VC-IP150-S04-01	
SR04/VC/IP-02	SR-VC-IP150-S04-02	
SR04/VC/IP-03	SR-VC-IP300-S04-03	
SR04/VC/IP-04	SR-VC-IP500-S04-04	
SR04/VC/IP-05	SR-VC-IP300-S04-05	
SR04/VC/IP-06	SR-VC-IP150-S04-06	
SR04/VC/IP-07	SR-VC-IP300-S04-07	
SR04/VC/IP-08	SR-VC-IP500-S04-08	
SR04/VC/IP-09	SR-VC-IP300-S04-09	
SR04/VC/IP-10	SR-VC-IP150-S04-10	
SR04/VC/IP-11	SR-VC-IP150-S04-11	
SR04/VC/IP-12	SR-VC-IP150-S04-12	
SR04/VC/IP-13	SR-VC-IP150-S04-13	
SR04/VC/IP-14	SR-VC-IP150-S04-14	
SR04/VC/IP-15	SR-VC-IP150-S04-15	
SR04/VC/IPCT-01	SR-VC-IPCT-RKA04C01-01	
SR04/VC/IPCT-02	SR-VC-IPCT-RKA04D04-01	
SR04/VC/IPCT-03	SR-VC-IPCT-RKA04D04-02	
SR04/VC/PIR-01	SR-VC-PIR-S04-01	
SR04/VC/PIR-02	SR-VC-PIR-S04-02	
SR04/VC/SERIAL-02	SR-CT-PAPA-RKA04A05-01	P2
SR04/VC/SERIAL-10	SR-CT-PAPA-RKA04A05-01	P10
SR04/VC/SERIAL-11	SR-CT-PAPA-RKA04A05-01	P11
SR04/VC/SPBX-01	SR-VC-SPBX-RKA04C01-01	
SR04/VC/SPBX-02	SR-VC-SPBX-RKA04D04-01	
SR04/VC/SPBX-03	SR-VC-SPBX-RKA04D04-02	
SR04/VC/VGCT-01	SR-VC-VGCT-RKA04C01-01	
SR04/VC/VGCT-02	SR-VC-VGCT-RKA04D04-01	
SR05/VC/CCG-01	SR-VC-CCG-S05-01	
SR05/VC/CCG-02	SR-VC-CCG-S05-02	
SR05/VC/CCG-03	SR-VC-CCG-S05-03	
SR05/VC/IP-01	SR-VC-IP150-S05-01	
SR05/VC/IP-02	SR-VC-IP150-S05-02	
SR05/VC/IP-03	SR-VC-IP300-S05-03	
SR05/VC/IP-04	SR-VC-IP500-S05-04	
SR05/VC/IP-05	SR-VC-IP300-S05-05	
SR05/VC/IP-06	SR-VC-IP150-S05-06	
SR05/VC/IP-07	SR-VC-IP300-S05-07	
SR05/VC/IP-08	SR-VC-IP500-S05-08	
SR05/VC/IP-09	SR-VC-IP300-S05-09	
SR05/VC/IP-10	SR-VC-IP150-S05-10	
SR05/VC/IP-11	SR-VC-IP150-S05-11	
SR05/VC/IP-12	SR-VC-IP150-S05-12	
SR05/VC/IPCT-01	SR-VC-IPCT-RKA05A08-01	
SR05/VC/IPCT-02	SR-VC-IPCT-RKA05A08-02	
SR05/VC/IPCT-03	SR-VC-IPCT-RKA06C01-01	
SR05/VC/PIR-01	SR-VC-PIR-S05-01	
SR05/VC/PIR-02	SR-VC-PIR-S05-02	
SR05/VC/SERIAL-01	SR-CT-PAPA-RKA04D05-01	P1
SR05/VC/SERIAL-02	SR-CT-PAPA-RKA04D05-01	P2
SR05/VC/SERIAL-03	SR-CT-PAPA-RKA04D05-01	P3
SR05/VC/SERIAL-04	SR-CT-PAPA-RKA04D05-01	P4
SR05/VC/SERIAL-05	SR-CT-PAPA-RKA04D05-01	P5
SR05/VC/SERIAL-06	SR-CT-PAPA-RKA04D05-01	P6
SR05/VC/SERIAL-07	SR-CT-PAPA-RKA04D05-01	P7
SR05/VC/SERIAL-08	SR-CT-PAPA-RKA04D05-01	P8
SR05/VC/SERIAL-10	SR-CT-PAPA-RKA04D05-01	P10
SR05/VC/SERIAL-11	SR-CT-PAPA-RKA04D05-01	P11
SR05/VC/SERIAL-12	SR-CT-PAPA-RKA04D05-01	P12
SR05/VC/SERIAL-13	SR-CT-PAPA-RKA04D05-01	P13
SR05/VC/SERIAL-14	SR-CT-PAPA-RKA04D05-01	P14
SR05/VC/SPBX-01	SR-VC-SPBX-RKA05A08-01	
SR05/VC/SPBX-02	SR-VC-SPBX-RKA05A08-02	
SR05/VC/SPBX-03	SR-VC-SPBX-RKA06C01-01	
SR05/VC/VGCT-01	SR-VC-VGCT-RKA05A08-01	
SR05/VC/VGCT-02	SR-VC-VGCT-RKA06C01-01	
SR06/VC/CCG-01	SR-VC-CCG-S06-01	
SR06/VC/CCG-02	SR-VC-CCG-S06-02	
SR06/VC/CCG-03	SR-VC-CCG-S06-03	
SR06/VC/CCG-04	SR-VC-CCG-S06-04	
SR06/VC/CCG-05	SR-VC-CCG-S06-05	
SR06/VC/CCG-06	SR-VC-CCG-S06-06	
SR06/VC/IP-01	SR-VC-IP150-S06-01	
SR06/VC/IP-02	SR-VC-IP150-S06-02	
SR06/VC/IP-03	SR-VC-IP300-S06-03	
SR06/VC/IP-04	SR-VC-IP500-S06-04	
SR06/VC/IP-05	SR-VC-IP300-S06-05	
SR06/VC/IP-06	SR-VC-IP150-S06-06	
SR06/VC/IP-07	SR-VC-IP150-S06-07	
SR06/VC/IP-08	SR-VC-IP300-S06-08	
SR06/VC/IP-09	SR-VC-IP300-S06-09	
SR06/VC/IP-10	SR-VC-IP150-S06-10	
SR06/VC/IP-11	SR-VC-IP150-S06-11	
SR06/VC/IP-12	SR-VC-IP150-S06-12	
SR06/VC/IP-13	SR-VC-IP150-S06-13	
SR06/VC/IP-14	SR-VC-IP300-S06-14	
SR06/VC/IP-15	SR-VC-IP500-S06-15	
SR06/VC/IP-16	SR-VC-IP300-S06-16	
SR06/VC/IP-17	SR-VC-IP150-S06-17	
SR06/VC/IP-18	SR-VC-IP150-S06-18	
SR06/VC/IP-19	SR-VC-IP150-S06-19	
SR06/VC/IPCT-01	SR-VC-IPCT-RKA06C11-01	
SR06/VC/IPCT-02	SR-VC-IPCT-RKA06C11-02	
SR06/VC/IPCT-03	SR-VC-IPCT-RKA06D08-01	
SR06/VC/IPCT-04	SR-VC-IPCT-RKA06D08-02	
SR06/VC/IPCT-05	SR-VC-IPCT-RKA07A01-01	
SR06/VC/PIR-01	SR-VC-PIR-S06-01	
SR06/VC/PIR-02	SR-VC-PIR-S06-02	
SR06/VC/PIR-03	SR-VC-PIR-S06-03	
SR06/VC/PIR-04	SR-VC-PIR-S06-04	
SR06/VC/SERIAL-01	SR-CT-PAPA-RKA06C01-01	P1
SR06/VC/SERIAL-02	SR-CT-PAPA-RKA06C01-01	P2
SR06/VC/SERIAL-03	SR-CT-PAPA-RKA06C01-01	P3
SR06/VC/SERIAL-04	SR-CT-PAPA-RKA06C01-01	P4
SR06/VC/SERIAL-05	SR-CT-PAPA-RKA06C01-01	P5
SR06/VC/SERIAL-06	SR-CT-PAPA-RKA06C01-01	P6
SR06/VC/SERIAL-07	SR-CT-PAPA-RKA06C01-01	P7
SR06/VC/SERIAL-10	SR-CT-PAPA-RKA06C01-01	P10
SR06/VC/SERIAL-11	SR-CT-PAPA-RKA06C01-01	P11
SR06/VC/SERIAL-12	SR-CT-PAPA-RKA06C01-01	P12
SR06/VC/SERIAL-13	SR-CT-PAPA-RKA06C01-01	P13
SR06/VC/SERIAL-14	SR-CT-PAPA-RKA06C01-01	P14
SR06/VC/SPBX-01	SR-VC-SPBX-RKA06C11-01	
SR06/VC/SPBX-02	SR-VC-SPBX-RKA06C11-02	
SR06/VC/SPBX-03	SR-VC-SPBX-RKA06D08-01	
SR06/VC/SPBX-04	SR-VC-SPBX-RKA06D08-02	
SR06/VC/SPBX-05	SR-VC-SPBX-RKA07A01-01	
SR06/VC/VGCT-01	SR-VC-VGCT-RKA06C11-01	
SR06/VC/VGCT-02	SR-VC-VGCT-RKA06C11-02	
SR06/VC/VGCT-03	SR-VC-VGCT-RKA06D08-01	
SR06/VC/VGCT-04	SR-VC-VGCT-RKA07A01-01	
SR07/VC/CCG-01	SR-VC-CCG-S07-01	
SR07/VC/CCG-02	SR-VC-CCG-S07-02	
SR07/VC/CCG-03	SR-VC-CCG-S07-03	
SR07/VC/IP-01	SR-VC-IP150-S07-01	
SR07/VC/IP-02	SR-VC-IP150-S07-02	
SR07/VC/IP-03	SR-VC-IP300-S07-03	
SR07/VC/IP-04	SR-VC-IP500-S07-04	
SR07/VC/IP-05	SR-VC-IP300-S07-05	
SR07/VC/IP-06	SR-VC-IP150-S07-06	
SR07/VC/IP-07	SR-VC-IP150-S07-07	
SR07/VC/IP-08	SR-VC-IP150-S07-08	
SR07/VC/IP-09	SR-VC-IP150-S07-09	
SR07/VC/IP-10	SR-VC-IP300-S07-10	
SR07/VC/IP-11	SR-VC-IP500-S07-11	
SR07/VC/IP-12	SR-VC-IP300-S07-12	
SR07/VC/IP-13	SR-VC-IP150-S07-13	
SR07/VC/IP-14	SR-VC-IP150-S07-14	
SR07/VC/IP-15	SR-VC-IP150-S07-15	
SR07/VC/IPCT-01	SR-VC-IPCT-RKA07A02-01	
SR07/VC/IPCT-02	SR-VC-IPCT-RKA07D01-01	
SR07/VC/IPCT-03	SR-VC-IPCT-RKA07D01-02	
SR07/VC/PIR-01	SR-VC-PIR-S07-01	
SR07/VC/PIR-02	SR-VC-PIR-S07-02	
SR07/VC/SERIAL-01	SR-CT-PAPA-RKA07B04-01	P1
SR07/VC/SERIAL-02	SR-CT-PAPA-RKA07B04-01	P2
SR07/VC/SERIAL-03	SR-CT-PAPA-RKA07B04-01	P3
SR07/VC/SERIAL-04	SR-CT-PAPA-RKA07B04-01	P4
SR07/VC/SERIAL-05	SR-CT-PAPA-RKA07B04-01	P5
SR07/VC/SERIAL-06	SR-CT-PAPA-RKA07B04-01	P6
SR07/VC/SERIAL-10	SR-CT-PAPA-RKA07B04-01	P10
SR07/VC/SERIAL-11	SR-CT-PAPA-RKA07B04-01	P11
SR07/VC/SERIAL-12	SR-CT-PAPA-RKA07B04-01	P12
SR07/VC/SPBX-01	SR-VC-SPBX-RKA07A02-01	
SR07/VC/SPBX-02	SR-VC-SPBX-RKA07D01-01	
SR07/VC/SPBX-03	SR-VC-SPBX-RKA07D01-02	
SR07/VC/VGCT-01	SR-VC-VGCT-RKA07A02-01	
SR07/VC/VGCT-02	SR-VC-VGCT-RKA07D01-01	
SR08/VC/CCG-01	SR-VC-CCG-S08-01	
SR08/VC/CCG-02	SR-VC-CCG-S08-02	
SR08/VC/CCG-03	SR-VC-CCG-S08-03	
SR08/VC/CCG-04	SR-VC-CCG-S08-04	
SR08/VC/IP-01	SR-VC-IP150-S08-01	
SR08/VC/IP-02	SR-VC-IP150-S08-02	
SR08/VC/IP-03	SR-VC-IP300-S08-03	
SR08/VC/IP-04	SR-VC-IP500-S08-04	
SR08/VC/IP-05	SR-VC-IP300-S08-05	
SR08/VC/IP-06	SR-VC-IP150-S08-06	
SR08/VC/IP-07	SR-VC-IP300-S08-07	
SR08/VC/IP-08	SR-VC-IP500-S08-08	
SR08/VC/IP-09	SR-VC-IP300-S08-09	
SR08/VC/IP-10	SR-VC-IP150-S08-10	
SR08/VC/IP-11	SR-VC-IP150-S08-11	
SR08/VC/IP-12	SR-VC-IP150-S08-12	
SR08/VC/IP-13	SR-VC-IP150-S08-13	
SR08/VC/IP-14	SR-VC-IP150-S08-14	
SR08/VC/IP-15	SR-VC-IP150-S08-15	
SR08/VC/IPCT-01	SR-VC-IPCT-RKA08E01-01	
SR08/VC/IPCT-02	SR-VC-IPCT-RKA08E02-01	
SR08/VC/IPCT-03	SR-VC-IPCT-RKA08E02-02	
SR08/VC/PIR-01	SR-VC-PIR-S08-01	
SR08/VC/PIR-02	SR-VC-PIR-S08-02	
SR08/VC/SERIAL-01	SR-CT-PAPA-RKA08E01-01	P1
SR08/VC/SERIAL-02	SR-CT-PAPA-RKA08E01-01	P2
SR08/VC/SERIAL-03	SR-CT-PAPA-RKA08E01-01	P3
SR08/VC/SERIAL-10	SR-CT-PAPA-RKA08E01-01	P10
SR08/VC/SERIAL-11	SR-CT-PAPA-RKA08E01-01	P11
SR08/VC/SPBX-01	SR-VC-SPBX-RKA08E01-01	
SR08/VC/SPBX-02	SR-VC-SPBX-RKA08E02-01	
SR08/VC/SPBX-03	SR-VC-SPBX-RKA08E02-02	
SR08/VC/VGCT-01	SR-VC-VGCT-RKA08E01-01	
SR08/VC/VGCT-02	SR-VC-VGCT-RKA08E02-01	
SR09/VC/CCG-01	SR-VC-CCG-S09-01	
SR09/VC/CCG-02	SR-VC-CCG-S09-02	
SR09/VC/CCG-03	SR-VC-CCG-S09-03	
SR09/VC/IP-01	SR-VC-IP150-S09-01	
SR09/VC/IP-02	SR-VC-IP150-S09-02	
SR09/VC/IP-03	SR-VC-IP300-S09-03	
SR09/VC/IP-04	SR-VC-IP500-S09-04	
SR09/VC/IP-05	SR-VC-IP300-S09-05	
SR09/VC/IP-06	SR-VC-IP150-S09-06	
SR09/VC/IP-07	SR-VC-IP300-S09-07	
SR09/VC/IP-08	SR-VC-IP500-S09-08	
SR09/VC/IP-09	SR-VC-IP300-S09-09	
SR09/VC/IP-10	SR-VC-IP150-S09-10	
SR09/VC/IP-11	SR-VC-IP150-S09-11	
SR09/VC/IP-12	SR-VC-IP150-S09-12	
SR09/VC/IPCT-01	SR-VC-IPCT-RKA09A08-01	
SR09/VC/IPCT-02	SR-VC-IPCT-RKA09A08-02	
SR09/VC/IPCT-03	SR-VC-IPCT-RKA09B02-01	
SR09/VC/PIR-01	SR-VC-PIR-S09-01	
SR09/VC/PIR-02	SR-VC-PIR-S09-02	
SR09/VC/SERIAL-01	SR-CT-PAPA-RKA09B02-01	P1
SR09/VC/SERIAL-02	SR-CT-PAPA-RKA09B02-01	P2
SR09/VC/SERIAL-03	SR-CT-PAPA-RKA09B02-01	P3
SR09/VC/SERIAL-04	SR-CT-PAPA-RKA09B02-01	P4
SR09/VC/SERIAL-05	SR-CT-PAPA-RKA09B02-01	P5
SR09/VC/SERIAL-10	SR-CT-PAPA-RKA09B02-01	P10
SR09/VC/SERIAL-11	SR-CT-PAPA-RKA09B02-01	P11
SR09/VC/SERIAL-12	SR-CT-PAPA-RKA09B02-01	P12
SR09/VC/SERIAL-13	SR-CT-PAPA-RKA09B02-01	P13
SR09/VC/SPBX-01	SR-VC-SPBX-RKA09A08-01	
SR09/VC/SPBX-02	SR-VC-SPBX-RKA09A08-02	
SR09/VC/SPBX-03	SR-VC-SPBX-RKA09B02-01	
SR09/VC/VGCT-01	SR-VC-VGCT-RKA09A08-01	
SR09/VC/VGCT-02	SR-VC-VGCT-RKA09B02-01	
SR10/VC/CCG-01	SR-VC-CCG-S10-01	
SR10/VC/CCG-02	SR-VC-CCG-S10-02	
SR10/VC/CCG-03	SR-VC-CCG-S10-03	
SR10/VC/CCG-04	SR-VC-CCG-S10-04	
SR10/VC/CCG-05	SR-VC-CCG-S10-05	
SR10/VC/CCG-06	SR-VC-CCG-S10-06	
SR10/VC/IP-01	SR-VC-IP150-S10-01	
SR10/VC/IP-02	SR-VC-IP150-S10-02	
SR10/VC/IP-03	SR-VC-IP300-S10-03	
SR10/VC/IP-04	SR-VC-IP500-S10-04	
SR10/VC/IP-05	SR-VC-IP300-S10-05	
SR10/VC/IP-06	SR-VC-IP150-S10-06	
SR10/VC/IP-07	SR-VC-IP150-S10-07	
SR10/VC/IP-08	SR-VC-IP300-S10-08	
SR10/VC/IP-09	SR-VC-IP300-S10-09	
SR10/VC/IP-10	SR-VC-IP150-S10-10	
SR10/VC/IP-11	SR-VC-IP150-S10-11	
SR10/VC/IP-12	SR-VC-IP150-S10-12	
SR10/VC/IP-13	SR-VC-IP500-S10-13	
SR10/VC/IP-14	SR-VC-IP300-S10-14	
SR10/VC/IP-15	SR-VC-IP500-S10-15	
SR10/VC/IP-16	SR-VC-IP300-S10-16	
SR10/VC/IP-17	SR-VC-IP150-S10-17	
SR10/VC/IP-18	SR-VC-IP150-S10-18	
SR10/VC/IP-19	SR-VC-IP150-S10-19	
SR10/VC/IPCT-01	SR-VC-IPCT-RKA09B10-01	
SR10/VC/IPCT-02	SR-VC-IPCT-RKA09B10-02	
SR10/VC/IPCT-03	SR-VC-IPCT-RKA10C08-01	
SR10/VC/IPCT-04	SR-VC-IPCT-RKA10C08-02	
SR10/VC/IPCT-05	SR-VC-IPCT-RKA11C01-01	
SR10/VC/PIR-01	SR-VC-PIR-S10-01	
SR10/VC/PIR-02	SR-VC-PIR-S10-02	
SR10/VC/PIR-03	SR-VC-PIR-S10-03	
SR10/VC/PIR-04	SR-VC-PIR-S10-04	
SR10/VC/SERIAL-01	SR-CT-PAPA-RKA10C08-01	P1
SR10/VC/SERIAL-02	SR-CT-PAPA-RKA10C08-01	P2
SR10/VC/SERIAL-03	SR-CT-PAPA-RKA10C08-01	P3
SR10/VC/SERIAL-04	SR-CT-PAPA-RKA10C08-01	P4
SR10/VC/SERIAL-10	SR-CT-PAPA-RKA10C08-01	P10
SR10/VC/SERIAL-11	SR-CT-PAPA-RKA10C08-01	P11
SR10/VC/SPBX-01	SR-VC-SPBX-RKA09B10-01	
SR10/VC/SPBX-02	SR-VC-SPBX-RKA09B10-02	
SR10/VC/SPBX-03	SR-VC-SPBX-RKA10C08-01	
SR10/VC/SPBX-04	SR-VC-SPBX-RKA10C08-02	
SR10/VC/SPBX-05	SR-VC-SPBX-RKA11C01-01	
SR10/VC/VGCT-01	SR-VC-VGCT-RKA09B10-01	
SR10/VC/VGCT-02	SR-VC-VGCT-RKA09B10-02	
SR10/VC/VGCT-03	SR-VC-VGCT-RKA10C08-01	
SR10/VC/VGCT-04	SR-VC-VGCT-RKA11C01-01	
SR11/VC/CCG-01	SR-VC-CCG-S11-01	
SR11/VC/CCG-02	SR-VC-CCG-S11-02	
SR11/VC/CCG-03	SR-VC-CCG-S11-03	
SR11/VC/IP-01	SR-VC-IP150-S11-01	
SR11/VC/IP-02	SR-VC-IP150-S11-02	
SR11/VC/IP-03	SR-VC-IP300-S11-03	
SR11/VC/IP-04	SR-VC-IP500-S11-04	
SR11/VC/IP-05	SR-VC-IP300-S11-05	
SR11/VC/IP-06	SR-VC-IP150-S11-06	
SR11/VC/IP-07	SR-VC-IP150-S11-07	
SR11/VC/IP-08	SR-VC-IP150-S11-08	
SR11/VC/IP-09	SR-VC-IP150-S11-09	
SR11/VC/IP-10	SR-VC-IP300-S11-10	
SR11/VC/IP-11	SR-VC-IP500-S11-11	
SR11/VC/IP-12	SR-VC-IP300-S11-12	
SR11/VC/IP-13	SR-VC-IP150-S11-13	
SR11/VC/IP-14	SR-VC-IP150-S11-14	
SR11/VC/IP-15	SR-VC-IP150-S11-15	
SR11/VC/IPCT-01	SR-VC-IPCT-RKA11D01-01	
SR11/VC/IPCT-02	SR-VC-IPCT-RKA11D01-02	
SR11/VC/IPCT-03	SR-VC-IPCT-RKA11F01-01	
SR11/VC/PIR-01	SR-VC-PIR-S11-01	
SR11/VC/PIR-02	SR-VC-PIR-S11-02	
SR11/VC/SERIAL-01	SR-CT-PAPA-RKA11C01-01	P1
SR11/VC/SERIAL-02	SR-CT-PAPA-RKA11C01-01	P2
SR11/VC/SERIAL-03	SR-CT-PAPA-RKA11C01-01	P3
SR11/VC/SERIAL-10	SR-CT-PAPA-RKA11C01-01	P10
SR11/VC/SERIAL-11	SR-CT-PAPA-RKA11C01-01	P11
SR11/VC/SPBX-01	SR-VC-SPBX-RKA11D01-01	
SR11/VC/SPBX-02	SR-VC-SPBX-RKA11D01-02	
SR11/VC/SPBX-03	SR-VC-SPBX-RKA11F01-01	
SR11/VC/VGCT-01	SR-VC-VGCT-RKA11D01-01	
SR11/VC/VGCT-02	SR-VC-VGCT-RKA11F01-01	
SR12/VC/CCG-01	SR-VC-CCG-S12-01	
SR12/VC/CCG-02	SR-VC-CCG-S12-02	
SR12/VC/CCG-03	SR-VC-CCG-S12-03	
SR12/VC/CCG-04	SR-VC-CCG-S12-04	
SR12/VC/IP-01	SR-VC-IP150-S12-01	
SR12/VC/IP-02	SR-VC-IP150-S12-02	
SR12/VC/IP-03	SR-VC-IP300-S12-03	
SR12/VC/IP-04	SR-VC-IP500-S12-04	
SR12/VC/IP-05	SR-VC-IP300-S12-05	
SR12/VC/IP-06	SR-VC-IP150-S12-06	
SR12/VC/IP-07	SR-VC-IP300-S12-07	
SR12/VC/IP-08	SR-VC-IP500-S12-08	
SR12/VC/IP-09	SR-VC-IP300-S12-09	
SR12/VC/IP-10	SR-VC-IP150-S12-10	
SR12/VC/IP-11	SR-VC-IP150-S12-11	
SR12/VC/IP-12	SR-VC-IP150-S12-12	
SR12/VC/IP-13	SR-VC-IP150-S12-13	
SR12/VC/IP-14	SR-VC-IP150-S12-14	
SR12/VC/IP-15	SR-VC-IP150-S12-15	
SR12/VC/IPCT-01	SR-VC-IPCT-RKA12B01-01	
SR12/VC/IPCT-02	SR-VC-IPCT-RKA12B01-02	
SR12/VC/IPCT-03	SR-VC-IPCT-RKA12G02-01	
SR12/VC/PIR-01	SR-VC-PIR-S12-01	
SR12/VC/PIR-02	SR-VC-PIR-S12-02	
SR12/VC/SERIAL-01	SR-CT-PAPA-RKA11F01-01	P1
SR12/VC/SERIAL-02	SR-CT-PAPA-RKA11F01-01	P2
SR12/VC/SERIAL-03	SR-CT-PAPA-RKA11F01-01	P3
SR12/VC/SERIAL-04	SR-CT-PAPA-RKA11F01-01	P4
SR12/VC/SERIAL-05	SR-CT-PAPA-RKA11F01-01	P5
SR12/VC/SERIAL-10	SR-CT-PAPA-RKA11F01-01	P10
SR12/VC/SERIAL-11	SR-CT-PAPA-RKA11F01-01	P11
SR12/VC/SPBX-01	SR-VC-SPBX-RKA12B01-01	
SR12/VC/SPBX-02	SR-VC-SPBX-RKA12B01-02	
SR12/VC/SPBX-03	SR-VC-SPBX-RKA12G02-01	
SR12/VC/VGCT-01	SR-VC-VGCT-RKA12B01-01	
SR12/VC/VGCT-02	SR-VC-VGCT-RKA12G02-01	
SR13/VC/CCG-01	SR-VC-CCG-S13-01	
SR13/VC/CCG-02	SR-VC-CCG-S13-02	
SR13/VC/CCG-03	SR-VC-CCG-S13-03	
SR13/VC/IP-01	SR-VC-IP150-S13-01	
SR13/VC/IP-02	SR-VC-IP150-S13-02	
SR13/VC/IP-03	SR-VC-IP300-S13-03	
SR13/VC/IP-04	SR-VC-IP500-S13-04	
SR13/VC/IP-05	SR-VC-IP300-S13-05	
SR13/VC/IP-06	SR-VC-IP150-S13-06	
SR13/VC/IP-07	SR-VC-IP300-S13-07	
SR13/VC/IP-08	SR-VC-IP500-S13-08	
SR13/VC/IP-09	SR-VC-IP300-S13-09	
SR13/VC/IP-10	SR-VC-IP150-S13-10	
SR13/VC/IP-11	SR-VC-IP150-S13-11	
SR13/VC/IP-12	SR-VC-IP150-S13-12	
SR13/VC/IPCT-01	SR-VC-IPCT-RKA12G03-01	
SR13/VC/IPCT-02	SR-VC-IPCT-RKA13A08-01	
SR13/VC/IPCT-03	SR-VC-IPCT-RKA13A08-02	
SR13/VC/PIR-01	SR-VC-PIR-S13-01	
SR13/VC/PIR-02	SR-VC-PIR-S13-02	
SR13/VC/SERIAL-01	SR-CT-PAPA-RKA13A08-01	P1
SR13/VC/SERIAL-02	SR-CT-PAPA-RKA13A08-01	P2
SR13/VC/SERIAL-03	SR-CT-PAPA-RKA13A08-01	P3
SR13/VC/SERIAL-04	SR-CT-PAPA-RKA13A08-01	P4
SR13/VC/SERIAL-10	SR-CT-PAPA-RKA13A08-01	P10
SR13/VC/SERIAL-11	SR-CT-PAPA-RKA13A08-01	P11
SR13/VC/SERIAL-12	SR-CT-PAPA-RKA13A08-01	P12
SR13/VC/SPBX-01	SR-VC-SPBX-RKA12G03-01	
SR13/VC/SPBX-02	SR-VC-SPBX-RKA13A08-01	
SR13/VC/SPBX-03	SR-VC-SPBX-RKA13A08-02	
SR13/VC/VGCT-01	SR-VC-VGCT-RKA12G03-01	
SR13/VC/VGCT-02	SR-VC-VGCT-RKA13A08-01	
SR14/VC/CCG-01	SR-VC-CCG-S14-01	
SR14/VC/CCG-02	SR-VC-CCG-S14-02	
SR14/VC/CCG-03	SR-VC-CCG-S14-03	
SR14/VC/CCG-04	SR-VC-CCG-S14-04	
SR14/VC/CCG-05	SR-VC-CCG-S14-05	
SR14/VC/CCG-06	SR-VC-CCG-S14-06	
SR14/VC/IP-01	SR-VC-IP150-S14-01	
SR14/VC/IP-02	SR-VC-IP150-S14-02	
SR14/VC/IP-03	SR-VC-IP300-S14-03	
SR14/VC/IP-04	SR-VC-IP500-S14-04	
SR14/VC/IP-05	SR-VC-IP300-S14-05	
SR14/VC/IP-06	SR-VC-IP150-S14-06	
SR14/VC/IP-07	SR-VC-IP150-S14-07	
SR14/VC/IP-08	SR-VC-IP300-S14-08	
SR14/VC/IP-09	SR-VC-IP300-S14-09	
SR14/VC/IP-10	SR-VC-IP150-S14-10	
SR14/VC/IP-11	SR-VC-IP150-S14-11	
SR14/VC/IP-12	SR-VC-IP150-S14-12	
SR14/VC/IP-13	SR-VC-IP500-S14-13	
SR14/VC/IP-14	SR-VC-IP300-S14-14	
SR14/VC/IP-15	SR-VC-IP500-S14-15	
SR14/VC/IP-16	SR-VC-IP300-S14-16	
SR14/VC/IP-17	SR-VC-IP150-S14-17	
SR14/VC/IP-18	SR-VC-IP150-S14-18	
SR14/VC/IP-19	SR-VC-IP150-S14-19	
SR14/VC/IPCT-01	SR-VC-IPCT-RKA14C12-01	
SR14/VC/IPCT-02	SR-VC-IPCT-RKA14C12-02	
SR14/VC/IPCT-03	SR-VC-IPCT-RKA14D09-01	
SR14/VC/IPCT-04	SR-VC-IPCT-RKA14D09-02	
SR14/VC/IPCT-05	SR-VC-IPCT-RKA15C13-01	
SR14/VC/PIR-01	SR-VC-PIR-S14-01	
SR14/VC/PIR-02	SR-VC-PIR-S14-02	
SR14/VC/PIR-03	SR-VC-PIR-S14-03	
SR14/VC/PIR-04	SR-VC-PIR-S14-04	
SR14/VC/SERIAL-01	SR-CT-PAPA-RKA14C12-01	P1
SR14/VC/SERIAL-02	SR-CT-PAPA-RKA14C12-01	P2
SR14/VC/SERIAL-03	SR-CT-PAPA-RKA14C12-01	P3
SR14/VC/SERIAL-04	SR-CT-PAPA-RKA14C12-01	P4
SR14/VC/SERIAL-05	SR-CT-PAPA-RKA14C12-01	P5
SR14/VC/SERIAL-06	SR-CT-PAPA-RKA14C12-01	P6
SR14/VC/SERIAL-07	SR-CT-PAPA-RKA14C12-01	P7
SR14/VC/SERIAL-08	SR-CT-PAPA-RKA14C12-01	P8
SR14/VC/SERIAL-10	SR-CT-PAPA-RKA14C12-01	P10
SR14/VC/SERIAL-11	SR-CT-PAPA-RKA14C12-01	P11
SR14/VC/SERIAL-12	SR-CT-PAPA-RKA14C12-01	P12
SR14/VC/SERIAL-13	SR-CT-PAPA-RKA14C12-01	P13
SR14/VC/SERIAL-14	SR-CT-PAPA-RKA14C12-01	P14
SR14/VC/SPBX-01	SR-VC-SPBX-RKA14C12-01	
SR14/VC/SPBX-02	SR-VC-SPBX-RKA14C12-02	
SR14/VC/SPBX-03	SR-VC-SPBX-RKA14D09-01	
SR14/VC/SPBX-04	SR-VC-SPBX-RKA14D09-02	
SR14/VC/SPBX-05	SR-VC-SPBX-RKA15C13-01	
SR14/VC/VGCT-01	SR-VC-VGCT-RKA14C12-01	
SR14/VC/VGCT-02	SR-VC-VGCT-RKA14C12-02	
SR14/VC/VGCT-03	SR-VC-VGCT-RKA14D09-01	
SR14/VC/VGCT-04	SR-VC-VGCT-RKA15C13-01	
SR15/VC/CCG-01	SR-VC-CCG-S15-01	
SR15/VC/CCG-02	SR-VC-CCG-S15-02	
SR15/VC/CCG-03	SR-VC-CCG-S15-03	
SR15/VC/IP-01	SR-VC-IP150-S15-01	
SR15/VC/IP-02	SR-VC-IP150-S15-02	
SR15/VC/IP-03	SR-VC-IP300-S15-03	
SR15/VC/IP-04	SR-VC-IP500-S15-04	
SR15/VC/IP-05	SR-VC-IP300-S15-05	
SR15/VC/IP-06	SR-VC-IP150-S15-06	
SR15/VC/IP-07	SR-VC-IP150-S15-07	
SR15/VC/IP-08	SR-VC-IP150-S15-08	
SR15/VC/IP-09	SR-VC-IP150-S15-09	
SR15/VC/IP-10	SR-VC-IP300-S15-10	
SR15/VC/IP-11	SR-VC-IP500-S15-11	
SR15/VC/IP-12	SR-VC-IP300-S15-12	
SR15/VC/IP-13	SR-VC-IP150-S15-13	
SR15/VC/IP-14	SR-VC-IP150-S15-14	
SR15/VC/IP-15	SR-VC-IP150-S15-15	
SR15/VC/IPCT-01	SR-VC-IPCT-RKA14D10-01	
SR15/VC/IPCT-02	SR-VC-IPCT-RKA14D10-02	
SR15/VC/IPCT-03	SR-VC-IPCT-RKA15C14-01	
SR15/VC/PIR-01	SR-VC-PIR-S15-01	
SR15/VC/PIR-02	SR-VC-PIR-S15-02	
SR15/VC/SERIAL-01	SR-CT-PAPA-RKA15B10-01	P1
SR15/VC/SERIAL-10	SR-CT-PAPA-RKA15B10-01	P10
SR15/VC/SPBX-01	SR-VC-SPBX-RKA14D10-01	
SR15/VC/SPBX-02	SR-VC-SPBX-RKA14D10-02	
SR15/VC/SPBX-03	SR-VC-SPBX-RKA15C14-01	
SR15/VC/VGCT-01	SR-VC-VGCT-RKA14D10-01	
SR15/VC/VGCT-02	SR-VC-VGCT-RKA15C14-01	
SR16/VC/CCG-01	SR-VC-CCG-S16-01	
SR16/VC/CCG-02	SR-VC-CCG-S16-02	
SR16/VC/CCG-03	SR-VC-CCG-S16-03	
SR16/VC/CCG-04	SR-VC-CCG-S16-04	
SR16/VC/IP-01	SR-VC-IP150-S16-01	
SR16/VC/IP-02	SR-VC-IP150-S16-02	
SR16/VC/IP-03	SR-VC-IP300-S16-03	
SR16/VC/IP-04	SR-VC-IP500-S16-04	
SR16/VC/IP-05	SR-VC-IP300-S16-05	
SR16/VC/IP-06	SR-VC-IP150-S16-06	
SR16/VC/IP-07	SR-VC-IP300-S16-07	
SR16/VC/IP-08	SR-VC-IP500-S16-08	
SR16/VC/IP-09	SR-VC-IP300-S16-09	
SR16/VC/IP-10	SR-VC-IP150-S16-10	
SR16/VC/IP-11	SR-VC-IP300-S16-11	
SR16/VC/IP-12	SR-VC-IP150-S16-12	
SR16/VC/IP-13	SR-VC-IP20-S16-13	
SR16/VC/IP-14	SR-VC-IP20-S16-14	
SR16/VC/IP-15	SR-VC-IP150-S16-15	
SR16/VC/IP-16	SR-VC-IP20-S16-16	
SR16/VC/IP-17	SR-VC-IP20-S16-17	
SR16/VC/IP-18	SR-VC-IP150-S16-18	
SR16/VC/IPCT-01	SR-VC-IPCT-RKA01A09-01	
SR16/VC/IPCT-02	SR-VC-IPCT-RKA15C08-01	
SR16/VC/IPCT-03	SR-VC-IPCT-RKA15C08-02	
SR16/VC/PIR-01	SR-VC-PIR-S16-01	
SR16/VC/PIR-02	SR-VC-PIR-S16-02	
SR16/VC/SERIAL-01	SR-CT-PAPA-RKA15C14-01	P1
SR16/VC/SERIAL-02	SR-CT-PAPA-RKA15C14-01	P2
SR16/VC/SERIAL-03	SR-CT-PAPA-RKA15C14-01	P3
SR16/VC/SERIAL-04	SR-CT-PAPA-RKA15C14-01	P4
SR16/VC/SERIAL-05	SR-CT-PAPA-RKA15C14-01	P5
SR16/VC/SERIAL-06	SR-CT-PAPA-RKA15C14-01	P6
SR16/VC/SERIAL-07	SR-CT-PAPA-RKA15C14-01	P7
SR16/VC/SERIAL-10	SR-CT-PAPA-RKA15C14-01	P10
SR16/VC/SERIAL-11	SR-CT-PAPA-RKA15C14-01	P11
SR16/VC/SERIAL-12	SR-CT-PAPA-RKA15C14-01	P12
SR16/VC/SERIAL-13	SR-CT-PAPA-RKA15C14-01	P13
SR16/VC/SERIAL-14	SR-CT-PAPA-RKA15C14-01	P14
SR16/VC/SPBX-01	SR-VC-SPBX-RKA01A09-01	
SR16/VC/SPBX-02	SR-VC-SPBX-RKA01A09-02	
SR16/VC/SPBX-03	SR-VC-SPBX-RKA15C08-01	
SR16/VC/SPBX-04	SR-VC-SPBX-RKA15C08-02	
SR16/VC/VGCT-01	SR-VC-VGCT-RKA01A09-01	
SR16/VC/VGCT-02	SR-VC-VGCT-RKA15C08-01	